time,total_free_energy,total_solute
0.0100000000,182.5083912674,5004.5571145693
0.0300000000,182.5024869839,5004.5571145693
0.0700000000,182.4906141804,5004.5571145701
0.1500000000,182.4663607100,5004.5571145701
0.3100000000,182.4153926870,5004.5571145703
0.3900000000,182.3887668594,5004.5571145703
0.5500000000,182.3326663641,5004.5571145746
0.7100000000,182.2727974509,5004.5571145746
0.8700000000,182.2088968446,5004.5571145750
1.0300000000,182.1406927191,5004.5571145750
