time,total_free_energy,total_solute
0.0100000000,76.2606594997,5096.8562678244
0.0300000000,76.2438497793,5096.8562678241
0.0700000000,76.2108163713,5096.8562678238
0.1500000000,76.1440351227,5096.8562678255
0.3100000000,76.0055579249,5096.8562678164
0.6300000000,75.7057181749,5096.8562678322
1.2700000000,74.9966312117,5096.8562673231
2.5500000000,72.9643659137,5096.8562673316
