time,total_free_energy,total_solute
0.0100000000,1.0000000000,9500.0000000004
0.0300000000,1.0000000000,9500.0000000004
0.0700000000,1.0000000000,9500.0000000004
0.1500000000,1.0000000000,9500.0000000004
0.3100000000,1.0000000000,9500.0000000004
0.6300000000,1.0000000000,9500.0000000004
1.2700000000,1.0000000000,9500.0000000004
2.5500000000,1.0000000000,9500.0000000004
5.1100000000,1.0000000000,9500.0000000004
