time,total_free_energy,total_solute
0.0100000000,183.0093675618,5096.8547027454
0.0300000000,182.9899361958,5096.8547027456
0.0700000000,182.9518625021,5096.8547027454
0.1500000000,182.8749969636,5096.8547027457
0.3100000000,182.7153757139,5096.8547027571
0.6300000000,182.3676217587,5096.8547028886
1.2700000000,181.5305288193,5096.8547028891
2.5500000000,179.0474570622,5096.8547028894
3.8300000000,175.4212212873,5096.8547028898
