time,total_free_energy,total_solute
0.0100000000,183.0413382386,5096.8562678184
0.0300000000,183.0220244195,5096.8562678217
0.0700000000,182.9839016138,5096.8562678223
0.1500000000,182.9067712954,5096.8562678239
0.3100000000,182.7465459008,5096.8562678339
0.6300000000,182.3975863564,5096.8562679482
1.2700000000,181.5584772090,5096.8562679490
1.9100000000,180.5198656397,5096.8562679521
2.5500000000,179.2453637844,5096.8562679581
3.1900000000,177.7085266050,5096.8562679633
